"GEOID","total_pop","pct_white","pct_black","pct_hispanic","pct_asian","poverty_rate","unemployment_rate","median_income","pct_renter","pct_rent_burdened","pct_severe_burden","pct_less_than_hs","median_rent","median_home_value","property_age","vacant_units"
"42101000101",1947,85.5161787365177,1.59219311761685,12.7375449409348,5.18746789933231,0.719054956343092,5.05173463177115,117250,62.1951219512195,30.7533539731682,13.9318885448916,0.815217391304348,2006,511400,81,145
"42101000102",2897,88.539868829824,4.03866068346565,3.58992060752503,4.00414221608561,6.76193795747647,4.8238255033557,94974,58.7793427230047,24.2811501597444,11.9009584664537,4.3265306122449,2151,508100,86,170
"42101000200",3486,40.4761904761905,4.99139414802065,4.99139414802065,49.4549627079748,19.2056905749852,6.33832976445396,98994,44.4201312910284,35.5911330049261,18.9655172413793,20.2185792349727,1592,483700,50,142
"42101000300",3914,60.3219213081247,8.8400613183444,5.87634133878385,19.3663771078181,8.26880530973451,3.77200335289187,95234,74.9031758326878,33.2471561530507,13.3919338159255,0.981323203545426,2057,669800,48,235
"42101000401",2675,57.6448598130841,15.7009345794393,3.62616822429907,21.0467289719626,19.3376475066616,0.465657741559953,86293,58.0943978826643,37.5854214123007,17.5398633257403,4.11418975650714,1327,587400,69,310
"42101000403",1047,83.8586437440306,2.76981852913085,6.49474689589303,8.59598853868195,6.59025787965616,0.652741514360313,181066,35.330836454432,17.6678445229682,5.30035335689046,0.984251968503937,2054,933000,29,85
"42101000404",3130,79.2651757188498,6.38977635782748,0.990415335463259,10.1277955271566,6.28205128205128,1.22352941176471,90980,46.2154294032023,25.4330708661417,6.14173228346457,0.918367346938776,2330,344900,58,456
"42101000500",3057,43.6702649656526,29.8004579653255,9.78083087994766,16.5848871442591,21.8200620475698,6.52173913043478,69267,77.3521505376344,42.3979148566464,10.0781928757602,13.158892681077,1862,453300,41,219
"42101000600",1536,64.3880208333333,12.5,7.09635416666667,21.1588541666667,9.81963927855711,4.46791226645004,97794,72.9942693409742,38.2728164867517,21.2953876349362,2.16383307573416,2294,NA,86,368
"42101000701",1807,79.6900940785833,0.221361372440509,5.75539568345324,18.8710570005534,14.2219743446737,0.74173971679029,86809,62.4161073825503,40.4692082111437,23.8514173998045,5.44174135723432,2097,387100,86,272
"42101000702",2248,49.4661921708185,1.02313167259786,9.47508896797153,32.9181494661922,6.85053380782918,4.55873758036236,79926,73.0337078651685,40.2429149797571,36.0323886639676,4.32248664400194,2208,250600,52,198
"42101000801",1735,74.985590778098,1.90201729106628,3.57348703170029,9.27953890489914,5.36756126021004,0.800640512409928,126726,61.7700729927007,54.0620384047267,36.6322008862629,0.631412786108919,2134,724700,86,95
"42101000803",2998,80.2868579052702,2.33488992661775,6.10406937958639,9.60640426951301,11.4447781114448,7.88840788840789,82112,51.9045625784847,40.9677419354839,23.3064516129032,0,1760,744300,83,370
"42101000805",2582,74.1285824941906,1.66537567776917,3.64058869093726,15.9178931061193,6.07713283989092,1.78217821782178,84773,60.613810741688,46.6947960618847,14.3459915611814,3.85467434647763,1956,560600,73,454
"42101000806",2253,80.2929427430093,2.75188637372392,4.70483799378606,12.0284065690191,13.2711939636041,0,180504,64.5095017976374,26.1942675159236,14.0923566878981,0.434782608695652,2406,363800,50,292
"42101000901",2166,62.280701754386,18.7442289935365,4.15512465373961,13.6657433056325,27.8855032317636,6.07701564380265,44926,79.5064377682403,54.1835357624831,32.1187584345479,5.1054384017758,1400,358500,86,225
"42101000902",2736,71.1622807017544,5.77485380116959,4.82456140350877,17.4342105263158,12.621359223301,1.83428209993675,89063,73.6668861092824,27.2564789991063,8.22162645218945,10.193487494101,1398,1036700,49,154
"42101001001",2717,92.6021347073979,0.956937799043062,3.16525579683474,2.64998159735002,5.44718439455282,3.39462517680339,123935,33.0102040816327,31.2210200927357,18.2380216383308,3.23101777059774,1930,487600,60,319
"42101001002",3583,86.2963996650851,0.948925481440134,1.56293608707787,11.1917387663969,4.47383230163196,0.361570247933884,144922,25.4863813229572,41.0687022900763,13.4351145038168,2.3578811369509,1980,543600,60,359
"42101001101",4598,62.8534145280557,14.5498042627229,7.28577642453241,8.06872553284036,22.344234900931,2.37659963436929,58557,75.3186558516802,48.3589743589744,8.92307692307692,7.39348370927318,1203,452600,86,64
"42101001102",2722,77.5900073475386,6.7964731814842,5.40044085231447,5.14327700220426,5.10732790525537,0.790904597132971,107470,43.5342305441779,39.7849462365591,10.6182795698925,0.575221238938053,1579,775500,86,188
"42101001201",4323,81.4249363867684,4.55702058755494,4.51075641915337,4.04811473513764,7.79912057394122,1.25764785859959,116935,51.9586741282824,38.2767191383596,20.13256006628,0.210084033613445,1887,846200,86,197
"42101001203",1949,85.0179579271421,1.84710107747563,12.2113904566444,10.2103642893792,6.90365790829469,7.26643598615917,105320,74.6908491343776,33.5540838852097,13.7969094922737,0.059206631142688,1772,NA,86,0
"42101001204",3134,82.8653477983408,1.75494575622208,5.04148053605616,6.22208040842374,13.058538275026,2.85057471264368,88583,60.7937200174444,38.0200860832138,20.5164992826399,1.06466876971609,1709,766400,86,374
"42101001301",1867,46.1167648634172,33.3690412426352,4.9812533476165,7.49866095340118,11.6229244777718,10.1010101010101,132344,28.5252960172228,4.90566037735849,0,3.70919881305638,1699,496800,86,117
"42101001302",4762,74.7165056698866,14.5737085258295,3.61192776144477,6.53086938261235,3.40193196136077,6.05652759084791,112892,43.4227892652882,38.1965552178318,4.66058763931104,1.54655119084442,2109,586900,62,279
"42101001400",4001,64.7338165458635,23.0442389402649,2.97425643589103,1.72456885778555,12.8717820544864,7.1401728673431,89775,42.7973199329983,44.2270058708415,17.0254403131115,7.08884688090737,1697,664200,86,323
"42101001500",3251,67.210089203322,18.3943402030145,4.76776376499539,8.1820978160566,6.14387156529793,5.61797752808989,110859,37.5764993880049,49.0228013029316,20.5211726384365,2.1411578112609,1712,568300,68,127
"42101001600",2428,88.3031301482702,4.48929159802306,2.84184514003295,4.94233937397035,6.09555189456343,1.76036342986939,146071,41.4205344585091,28.8624787775891,12.0543293718166,2.0515518148343,1912,698800,86,190
"42101001700",2978,70.3828072531901,5.23841504365346,2.98858294157152,3.39153794492948,5.43989254533244,2.83842794759825,131635,33.5202492211838,38.8475836431227,18.4014869888476,0.75354609929078,1738,615500,83,178
"42101001800",3300,75.5757575757576,11.0909090909091,3.87878787878788,5.60606060606061,4.12121212121212,5.3311120366514,114063,42.0767982693348,28.4061696658098,11.8251928020566,0.726855394032135,1870,605000,73,122
"42101001900",3643,57.1781498764754,23.4971177600878,4.55668405160582,13.6700521548175,14.0269009058468,3.41911764705882,138500,44.19595314164,38.5542168674699,19.5180722891566,1.256038647343,2093,512300,45,134
"42101002000",2028,34.7140039447732,40.483234714004,2.12031558185404,11.2919132149901,7.92079207920792,4.21644413211525,103611,35.316265060241,27.0788912579957,18.1236673773987,8.82852292020373,1585,336100,86,146
"42101002100",2363,44.7735928903936,36.8176047397376,1.56580617858654,11.9339822259839,8.80236986881083,8.47362514029181,102969,35.2313167259786,25.5050505050505,9.34343434343434,4.96417604912999,1810,353200,81,129
"42101002200",2418,40.2812241521919,42.8453267162945,9.18114143920596,3.88751033912324,29.873417721519,4.43196004993758,68412,41.1357340720222,60.9427609427609,46.969696969697,4.40785979819437,1433,394000,86,273
"42101002300",2971,75.7993941433861,0.740491417031303,9.66004712218108,14.1029956243689,5.38539212386402,10.5907397551889,106389,45.9940652818991,25.9677419354839,14.6774193548387,10.0940975192472,1714,433800,86,88
"42101002400",4707,77.8202676864245,6.22477161674102,6.73465052050138,7.98810282557892,14.9139579349904,6.41521598968408,98015,41.3376022767698,42.3407917383821,30.3786574870912,6.3247408982195,1579,469600,86,268
"42101002500",4349,59.9678086916533,19.2228098413428,4.23085766842952,12.3016785467924,18.630389670279,8.93015030946066,83576,40.4073898626243,29.6600234466589,18.2883939038687,12.5157232704403,988,519200,61,94
"42101002701",3821,65.1400157026956,8.61031143679665,15.5980109918869,11.0180580999738,14.2632818633865,8.14258911819887,91078,36.0408560311284,37.7867746288799,13.6302294197031,13.5338345864662,1356,375300,86,130
"42101002702",4407,76.8323122305423,6.8527342863626,7.85114590424325,2.06489675516224,5.40049920580894,5.01623962468423,95745,30.6459217350306,35.8461538461538,23.8461538461538,4.42877291960508,1848,337900,86,171
"42101002801",4234,54.5819555975437,4.3221539914974,25.2243741143127,22.03589985829,20.0755786490316,5.06932409012132,71352,49.5575221238938,37.6116071428571,14.9553571428571,24.7027741083223,1284,338000,86,154
"42101002802",5720,64.527972027972,6.6958041958042,13.2692307692308,19.2832167832168,18.3362521891419,6.53085680047933,78871,36.6403162055336,49.0830636461704,29.126213592233,14.846679902934,1388,350600,86,134
"42101002900",3891,70.0848111025443,3.52094577229504,8.96941660241583,8.532510922642,10.4086353122591,5.62390158172232,93631,35.0262697022767,27.5,20.875,2.50463821892393,1232,406100,86,131
"42101003001",3431,32.6143981346546,16.2926260565433,8.48149227630428,36.7531331973186,20.2040816326531,7.86252354048964,59583,36.0427807486631,52.0771513353116,26.2611275964392,16.9447170428525,1281,245400,86,227
"42101003002",3171,36.4553768527278,38.1583096814885,14.2857142857143,10.9113844213182,26.9000315357931,9.72364380757421,74213,38.264192139738,33.3808844507846,18.5449358059914,7.04526046114432,1673,364900,86,291
"42101003100",5017,33.3466214869444,52.9798684472793,13.8728323699422,0,19.6930436515846,4.71662228984405,78270,35.4166666666667,43.6363636363636,32.9411764705882,17.8693181818182,1319,297200,73,360
"42101003200",4196,23.7845567206864,56.9113441372736,10.2001906577693,5.45757864632984,12.4665856622114,12.6134301270417,58920,31.2265917602996,32.9835082458771,20.8395802098951,12.4165554072096,1471,198100,86,395
"42101003300",6286,40.9163219853643,43.0480432707604,16.7515112949411,7.25421571746739,29.89182309895,17.9742074153681,56923,52.2938623682579,51.6301126259633,32.3058684054535,11.0107905747633,1323,207600,75,600
"42101003600",6915,17.2668112798265,60.6796818510484,3.61532899493854,17.8163412870571,27.7235050325636,15.8793969849246,40271,44.1919191919192,46.9387755102041,33.6326530612245,21.9016083254494,524,190800,71,231
"42101003701",5396,23.4432913269088,45.4040029651594,8.93254262416605,21.2194217939214,15.8618127786033,7.25229826353422,59837,31.1554078995939,50.7109004739336,44.1943127962085,9.50875486381323,1434,262200,86,390
"42101003702",3742,27.9262426509888,37.4665954035275,1.14911811865313,25.2805986103688,16.3014430785676,10.9433962264151,49493,34.5800988002823,36.9387755102041,22.6530612244898,17.2995780590717,1340,226400,86,138
"42101003800",3851,88.236821604778,1.16852765515451,6.56972215009089,5.29732537003376,6.41391846273695,5.3166897827092,90221,18.328530259366,19.1823899371069,14.1509433962264,10.9153713298791,1344,293400,86,77
"42101003901",5813,66.8673662480647,8.10252881472561,9.13469809048684,16.1362463444005,14.3203463203463,10.6720302886891,61984,50.5211526670754,36.4684466019417,20.3883495145631,7.50560881093208,1187,281000,86,303
"42101003902",5419,90.5333087285477,0,2.41742018822661,2.8233991511349,11.2013286584241,6.40770252324037,78582,23.9404352806415,49.7607655502392,9.40988835725678,8.3950046253469,1404,278500,86,235
"42101004001",4029,79.9950359890792,3.47480764457682,9.60536113179449,7.17299578059072,20.8488458674609,5.79181855002025,61583,45.5053563111318,49.1299897645855,35.9263050153531,14.1083863154708,1231,296400,86,134
"42101004002",5272,76.3277693474962,5.44385432473445,2.44688922610015,10.3566009104704,10.2807283763278,2.3778071334214,82834,23.7631792376318,32.5938566552901,15.6996587030717,12.3097112860892,1390,264500,86,139
"42101004101",5001,42.8914217156569,9.01819636072785,28.1143771245751,30.1539692061588,10.5578884223155,7.82456140350877,67992,27.7777777777778,36.8421052631579,25.4135338345865,25.8706467661692,1405,228600,86,399
"42101004103",5000,25.16,1.66,52.1,28.72,39.4463667820069,9.79449059903804,51450,39.5619438740589,44.1176470588235,20.7612456747405,30.5701294158797,1562,196200,86,88
"42101004104",3697,45.4152015147417,0.64917500676224,25.1825804706519,38.274276440357,25.3719231809575,16.1697247706422,66648,46.7383512544803,26.5337423312883,25,19.1166077738516,1114,188200,86,23
"42101004201",4916,59.0113913751017,2.17656631407649,9.6826688364524,29.2107404393816,16.3547599674532,1.47843942505133,88095,20.8955223880597,20.0396825396825,17.6587301587302,12.6138189608998,1503,256700,86,344
"42101004202",5522,70.4454907642159,4.23759507424846,18.9967403114813,15.6283955088736,22.337027991734,11.9269776876268,68419,25.4454088624943,53.8599640933573,37.342908438061,17.4248073576933,1621,233200,86,152
"42101005400",1739,18.3438757906843,79.4709603220242,2.99022426682001,1.09258194364577,29.6147211040828,17.6470588235294,60000,60.0765306122449,60.9341825902335,29.0870488322718,13.4446397188049,1426,209600,46,36
"42101005500",5897,9.02153637442767,80.3968119382737,5.27386806850941,2.91673732406308,24.263698630137,11.3354037267081,62616,38.3233532934132,54.9632352941177,38.1433823529412,8.81675874769797,1402,174700,57,85
"42101005600",1138,4.39367311072056,87.2583479789104,4.21792618629174,0.615114235500879,21.0017574692443,7.59162303664921,34523,82.5788751714678,49.5016611295681,28.4053156146179,12.7946127946128,1146,150400,53,56
"42101006000",6440,8.99068322981366,74.5031055900621,6.07142857142857,3.68012422360248,22.4713740458015,6.70430486944248,46446,40,59.6863468634686,39.0221402214022,13.2730732635585,1145,153100,71,221
"42101006100",2919,6.33778691332648,83.5560123329907,0,9.1812264474135,21.1031175059952,9.93548387096774,41325,23.7442922374429,70.1923076923077,52.2435897435897,13.5322322855621,1042,131100,63,97
"42101006200",4394,4.82476103777879,87.9153390987711,0.887573964497041,6.82749203459263,13.7687756030951,14.4666939109113,45502,50.0595238095238,70.6302021403092,39.4768133174792,15.619861887537,1267,98600,81,115
"42101006300",4415,4.12231030577576,82.3103057757644,7.38391845979615,6.18346545866365,39.4557823129252,18.5350060704168,32347,55.3800592300099,43.6720142602496,17.6470588235294,16.7274052478134,1101,76600,80,367
"42101006400",4717,5.2999788000848,74.1785032859868,7.80156879372483,2.03519185923256,37.1404036066982,14.7707231040564,38032,35.042735042735,49.5934959349593,26.5040650406504,28.1609195402299,1271,99300,86,109
"42101006500",4672,2.63270547945206,92.0162671232877,6.63527397260274,0,19.4659776055125,9.49640287769784,43081,40.5784003615002,54.4543429844098,40.0890868596882,9.11602209944751,991,106900,86,515
"42101006600",3396,4.44640753828033,84.4817432273263,1.32508833922261,7.97997644287397,33.2048621405277,16.4722031571723,32946,59.2592592592593,56.34765625,35.44921875,11.7704757233938,974,78300,86,246
"42101006700",7868,1.95729537366548,85.0533807829182,1.43619725470259,7.62582613116421,26.1616804583068,20.9251101321586,41581,56.2347931873479,64.2509464575446,30.124391563007,15.6313438895656,1356,106600,84,264
"42101007000",3521,1.36324907696677,87.588753195115,4.48736154501562,0,14.3993183754615,7.87096774193548,38158,46.9128678592037,44.8954489544895,23.1242312423124,9.06618313689937,1191,85900,86,189
"42101007101",2317,6.60336642209754,91.9292188174363,0,1.46741476046612,30.2573203194321,14.041514041514,40046,43.8528557599226,56.5121412803532,20.9713024282561,12.7857142857143,1161,103200,86,229
"42101007102",4584,3.18499127399651,93.0846422338569,3.66492146596859,0,28.6186384666226,22.3132530120482,34291,37.0405727923628,53.479381443299,43.6855670103093,12.7758781473422,1115,84100,86,320
"42101007200",4525,2.1878453038674,81.414364640884,6.76243093922652,2.29834254143646,34.0213049267643,12.7225358228398,41226,47.4427666829031,55.64681724846,30.4928131416838,12.4783362218371,1223,93200,86,254
"42101007300",3295,18.2701062215478,69.3778452200304,1.18361153262519,5.1896813353566,10.804248861912,8.34597875569044,61488,42.2888616891065,23.1548480463097,10.5643994211288,4.53774385072095,1216,263300,86,177
"42101007400",3955,9.20353982300885,66.9026548672566,0.859671302149178,3.79266750948167,27.3519610356319,12.8262076624098,39547,46.6094032549729,46.7507274490786,12.4151309408341,11.8758915834522,1196,80600,82,361
"42101007700",1815,54.2148760330578,20.0550964187328,5.34435261707989,15.0413223140496,22.4006762468301,5.03875968992248,48581,79.0382244143033,53.198127925117,34.6333853354134,5.33199195171026,1164,289700,86,89
"42101007800",4191,64.4953471725125,16.0820806490098,5.96516344547841,9.23407301360057,30.6759098786828,10.4518799586064,61205,73.1375985977213,48.5919712402636,27.3816656680647,2.80402316366961,1148,592000,86,107
"42101007900",3952,59.9696356275304,18.5222672064777,5.51619433198381,8.60323886639676,13.2844129554656,1.75746924428823,79800,50.8924684370918,38.4944396920445,25.8340461933276,2.52345519249434,1229,499600,86,241
"42101008000",3867,19.8344970261184,70.9335402120507,1.47401086113266,0.69821567106284,23.2310093652445,6.68425681618294,63906,45.3313981615868,50.8004268943437,43.2230522945571,5.72033898305085,1265,264800,86,280
"42101008101",3119,9.16960564283424,89.9326707277974,1.31452388586085,0,32.7669124719461,24.7183979974969,48803,32.2248614410135,42.5061425061425,36.1179361179361,12.3989218328841,954,116700,86,283
"42101008102",4902,17.8090575275398,70.1958384332925,1.61158710730314,0.571195430436557,16.1977658254034,10.1045296167247,45888,36.6556836902801,50.1123595505618,27.752808988764,14.4667059516794,1124,131800,86,292
"42101008200",7503,5.98427295748367,93.0827668932427,7.15713714514194,0,32.8811282740094,3.60013981125481,32333,26.3366336633663,86.2513426423201,54.8872180451128,8.58551894194127,1259,187900,86,465
"42101008301",4111,3.38117246412065,87.8131841401119,7.24884456336658,0,30.6753458096013,12.7906976744186,38713,50.803701899659,57.9098753595398,39.3096836049856,19.4082423388517,959,95400,82,372
"42101008302",4844,2.3121387283237,91.3501238645747,3.11725846407927,4.74814203137903,30.1197357555739,19.0070921985816,30922,50.471063257066,64.5333333333333,36.5333333333333,15.0121065375303,1160,102000,78,258
"42101008400",5403,1.7027577271886,84.8417545807884,0.518230612622617,3.59059781602813,25.453871804372,7.12879086254431,47008,37.5372393247269,64.4179894179894,25.1322751322751,11.4294710327456,1147,136300,86,189
"42101008500",6515,10.1304681504221,83.4382194934766,1.15118956254797,1.84190330007675,30.0383729854183,15.6392694063927,45397,51.041948579161,50.6892895015907,35.949098621421,10.1698513800425,1024,162500,86,628
"42101008601",3376,55.9537914691943,22.186018957346,9.36018957345972,6.04265402843602,15.4481492811257,1.54494382022472,79367,61.9763694951665,41.0745233968804,20.4506065857886,8.13301282051282,1544,441700,86,325
"42101008602",3168,27.2411616161616,60.5429292929293,3.09343434343434,8.61742424242424,25.3156565656566,10.443199184921,31342,73.110151187905,66.6912850812408,39.807976366322,5.34591194968553,1266,447400,71,228
"42101008701",3374,62.5666864256076,7.73562537048014,3.52697095435685,21.4285714285714,16.9235328986366,4.87709715177526,59722,76.6746987951807,47.517284726587,19.4217473287241,7.25839900456242,1319,579500,86,209
"42101008702",2836,56.4527503526093,14.0691114245416,7.96897038081805,18.8998589562764,31.9198149575945,7.00470465237846,36071,76.4880952380952,64.9805447470817,45.3955901426719,4.71232876712329,1331,646100,86,328
"42101008801",2231,37.6512774540565,12.0573733751681,19.99103541013,26.4455401165397,44.0298507462687,1.43149284253579,36574,63.375796178344,66.3316582914573,58.2914572864322,0,2463,NA,9,230
"42101008802",6156,46.8810916179337,18.5510071474984,13.0116959064327,25.5198180636777,63.8924050632911,7.25167580743449,21064,74.5967741935484,66.3513513513514,47.7027027027027,0,1366,807500,86,407
"42101009000",7375,60.2169491525424,15.9322033898305,4.27118644067797,18.3050847457627,53.8293216630197,6.29685157421289,37674,76.7868051313378,59.1885441527446,40.1750198886237,8.03782505910165,1378,195000,56,225
"42101009100",2962,33.2883187035787,30.8912896691425,6.78595543551654,25.388251181634,48.340108401084,6.33755837224817,27266,71.5384615384615,55.28146742568,37.5079063883618,11.105722599418,1059,435800,64,463
"42101009200",3444,20.2380952380952,53.1068524970964,4.09407665505226,18.6991869918699,27.9616724738676,5.53018772196854,43839,52.9514903565167,42.0529801324503,30.242825607064,13.1883387320685,997,281800,70,270
"42101009300",5200,4.46153846153846,87.7307692307692,2.36538461538462,4.88461538461538,25.5384615384615,14.0051238257899,33509,36.9673704414587,66.147455867082,37.2793354101765,13.376987839102,992,114700,86,404
"42101009400",3864,1.1128364389234,92.3913043478261,1.0351966873706,0,35.9047372508413,15.7262905162065,26338,57.0349386213409,41.5562913907285,23.9238410596026,19.047619047619,720,94800,80,353
"42101009500",3755,0.905459387483356,99.0945406125167,0,0,35.9254327563249,8.60349127182045,34652,51.2520868113522,61.2377850162867,19.9782844733985,16.4266426642664,1156,79800,82,222
"42101009600",3528,0,94.5578231292517,13.0668934240363,0.170068027210884,13.7471655328798,14.1610738255034,50786,32.2867853795689,34.3976777939042,10.1596516690856,16.8137482582443,1136,108600,83,670
"42101009801",2563,6.59383534920016,86.2270776433867,0.93640265314085,2.96527506827936,15.0994927818962,5.86890243902439,71029,36.837376460018,51.4634146341463,23.6585365853659,5.96469872185027,1407,172400,72,57
"42101009802",5787,4.52738897528944,85.0699844479005,8.91653706583722,0,19.7338862968723,1.54489861602832,72365,25.0539956803456,31.551724137931,31.3793103448276,2.8872099298435,1361,180700,71,234
"42101010000",5306,5.22050508857897,88.861666038447,1.56426686769695,0.584244251790426,22.5757287102305,12.4767916821389,51734,34.954260953298,65.1515151515152,54.4077134986226,9.00163666121113,1142,157500,86,271
"42101010100",6303,1.57068062827225,96.2081548468983,0.364905600507695,0,16.8043202033037,5.1702395964691,44144,42.1905379131562,32.7956989247312,22.8878648233487,7.26283416134374,897,111700,86,516
"42101010200",3427,4.58126641377298,94.8643128100379,6.21534870148818,0,35.8002936857562,6.63149962321025,29375,54.1162924582614,47.2340425531915,24.1489361702128,11.3173381620643,977,80200,86,264
"42101010300",2632,1.74772036474164,97.8723404255319,0.759878419452888,0,40.1595744680851,12.5190839694656,33420,39.8678414096916,57.2744014732965,41.2523020257827,5.8411214953271,1055,120000,81,345
"42101010400",3551,4.19600112644326,81.1039143903126,2.787947057167,0,34.6084337349398,5.01029512697323,33804,50.272142503711,35.1377952755905,18.7007874015748,14.7540983606557,1129,100900,71,471
"42101010500",4251,5.08115737473536,88.7320630439897,4.70477534697718,3.05810397553517,29.1472443103921,14.1272621132516,37708,55.3802816901408,50.8646998982706,30.3153611393693,10.6908408877774,774,155200,61,213
"42101010600",1799,7.67092829349639,81.2117843246248,5.33629794330183,4.05780989438577,38.9299943084804,6.72043010752688,25000,63.3016627078385,51.031894934334,39.9624765478424,16.6943521594684,784,120100,70,164
"42101010700",3255,7.98771121351766,82.826420890937,2.3963133640553,0,31.5983985217124,10.4395604395604,37917,43.9607602697731,45.8856345885635,29.5676429567643,26.2866629773105,1127,120100,86,481
"42101010800",4532,8.56134157105031,74.6248896734334,3.92762577228597,4.01588702559576,48.7298431632428,12.4044679600235,29142,59.7215985630894,52.7067669172932,37.2932330827068,11.9828259172521,921,257200,86,284
"42101010900",2717,15.8262789841737,77.9168200220832,2.20831799779168,3.4965034965035,39.2344497607655,17.0637970791699,31341,66.9123669123669,61.5667074663403,34.7613219094247,12.5799573560768,1176,320500,59,145
"42101011000",2729,8.46463906192744,85.7456943935507,3.88420666910956,0.513008427995603,53.7193111029681,9.56429330499469,14983,51.9021739130435,62.82722513089,39.7905759162304,18.9675870348139,1058,107200,78,419
"42101011100",4049,2.04988886144727,95.0358113114349,1.2842677204248,0,27.6969392875063,8.33333333333333,45519,33.7313432835821,47.4926253687316,18.5840707964602,9.53112990007686,831,91800,82,559
"42101011200",5307,0.923308837384586,95.43998492557,2.05389108724326,0,43.708229902616,4.38645197112715,28393,37.6198083067093,74.6284501061571,58.2802547770701,4.5028818443804,1389,119600,86,615
"42101011300",3822,2.1716378859236,96.2323390894819,0.575614861329147,0,33.097854526426,5.36056158264199,38858,29.174543163201,58.963282937365,41.4686825053996,7.84680056048575,1152,122800,86,205
"42101011400",6843,4.51556334940815,94.1107701300599,1.00832967996493,0.0730673681134006,30.7895897662109,11.6629990569003,40497,45.1494641849972,46.470955652717,30.1686445971268,11.5808410164156,970,201800,86,296
"42101011500",4881,7.3140749846343,87.6664617906167,2.72485146486376,0,14.279860684286,4.93693693693694,81154,14.5712782745923,35.7400722021661,24.9097472924188,7.43801652892562,980,157700,86,171
"42101011700",2009,46.6898954703833,35.9880537580886,2.38924838227974,12.2946739671478,24.7942386831276,9.32642487046632,103750,16.7058823529412,69.0140845070423,69.0140845070423,1.76390773405699,NA,282800,86,59
"42101011800",5048,0.53486529318542,95.6022187004754,0.257527733755943,1.64421553090333,34.0332805071315,10.547263681592,41649,12.2171945701357,73.7373737373737,13.1313131313131,4.85841199333704,2053,185400,83,337
"42101011900",5570,6.10412926391382,90.0179533213645,1.20287253141831,0,21.2672978878369,2.70583687669115,61311,42.5642937010809,41.2434325744308,21.1033274956217,11.1584553928096,1098,121900,75,344
"42101012000",1917,32.0813771517997,46.3223787167449,7.14658320292123,9.44183620239958,13.7142857142857,10.462962962963,65331,49.7311827956989,42.1621621621622,15.4054054054054,5.98591549295775,1240,421700,77,113
"42101012100",3052,19.954128440367,72.8374836173001,2.2608125819135,1.67103538663172,16.9045830202855,0,51555,69.6106914584544,50.8347245409015,30.7178631051753,8.45070422535211,1189,243700,64,125
"42101012201",2954,24.4414353419093,45.5653351387949,11.7806364251862,12.3561272850372,22.6472579553148,2.5,39608,85.7142857142857,59.990253411306,28.0214424951267,12.6539278131635,1340,NA,47,342
"42101012203",1074,22.2532588454376,29.7951582867784,11.3594040968343,27.2811918063315,25.9776536312849,9.40525587828492,63750,76.0330578512397,53.6684782608696,13.5869565217391,3.67553865652725,1904,NA,50,232
"42101012204",3915,13.5887611749681,77.7266922094508,2.2477650063857,4.13793103448276,19.5108237278606,10.3319057815846,48000,45.7129322595926,50.880829015544,23.8341968911917,7.41885625965997,1297,194600,62,199
"42101012501",2235,61.0738255033557,11.8568232662192,5.90604026845638,17.5838926174497,13.107822410148,3.84024577572965,79694,75.6687898089172,67.4242424242424,30.8080808080808,2.66739248775177,2500,NA,31,382
"42101012502",3743,60.3793748330216,13.6521506812717,6.41196900881646,19.5832220144269,15.8963398343575,0.629178136059772,88936,74.7882073873263,39.555958314454,14.0915269596738,2.34184914841849,2076,512900,49,304
"42101013100",1871,33.5114911811865,57.6162479957242,6.73436664885088,5.34473543559594,37.2981700753498,8.5824493731919,32083,76.8115942028985,59.9730458221024,22.1024258760108,11.8548387096774,934,357900,67,92
"42101013200",2957,30.9097057828881,50.997632735881,14.3050388907677,6.86506594521475,37.5045603794236,11.3793103448276,41898,74.9397590361446,49.5176848874598,14.871382636656,14.8041237113402,1005,415100,34,77
"42101013300",3500,53.2857142857143,21.2,16.1714285714286,8.2,11.4571428571429,4.57271364317841,88264,71.4023831347388,29.8459563543004,18.3568677792041,1.23674911660777,1640,376400,70,271
"42101013401",2974,86.079354404842,9.14593140551446,2.25285810356422,1.88298587760592,7.91610284167794,4.20326223337516,126333,35.6095093576125,35.6534090909091,16.1931818181818,0.109849871841816,2114,622200,61,113
"42101013402",2929,77.8422669853192,5.63332195288494,13.6565380675999,3.72140662342096,13.7589621031069,6.24721106648818,89669,64.7525676937442,33.9581831290555,14.6359048305696,0.590966652596032,1744,601900,67,241
"42101013500",4078,80.9955860716037,14.4678764100049,5.00245218244237,3.35948994605199,4.34036292300147,1.07925801011804,143636,29.3256664924203,54.9019607843137,16.5775401069519,1.72694688823721,1896,484400,86,191
"42101013601",2882,78.8341429562804,5.55170020818876,5.6557945870923,7.11311589174185,8.33042872080864,5.20286396181384,107019,35.3227771010962,25.1724137931034,24.4827586206897,0.440705128205128,1792,461100,86,83
"42101013602",3975,76.8050314465409,6.56603773584906,6.46540880503145,6.11320754716981,4.22641509433962,2.02088245200404,116375,47.0986460348162,17.6591375770021,8.82956878850103,1.23647604327666,1669,440100,86,87
"42101013701",1753,49.5721620079863,33.7706788362807,5.24814603536794,9.75470621791215,9.01312036508842,7.67605633802817,92337,49.3061979648474,28.8930581613508,28.8930581613508,3.67491166077739,2043,384700,46,124
"42101013702",4189,39.0546669849606,53.0436858438768,8.3552160420148,2.60205299594175,30.7233229887801,8.14345991561181,76000,42.2840962718263,27.0089285714286,13.7276785714286,6.35239050484788,1396,274100,83,181
"42101013800",2077,27.0101107366394,62.2051035146846,5.825710158883,3.17766008666346,9.24410207029369,6.36094674556213,68864,49.3965517241379,25.305410122164,14.8342059336824,18.1203515889114,1440,265000,86,230
"42101013900",2585,40.9284332688588,51.605415860735,21.0831721470019,0.270793036750484,32.7883742052679,10.5221518987342,41042,60.2951039570758,40.1557285873192,27.2525027808676,18.0130456598093,1113,256700,39,270
"42101014000",5753,40.1703459064836,43.2296193290457,5.80566660872588,6.22284025725708,27.6228651097944,8.85672937771346,59375,73.4701781564679,37.3220875065894,21.0859251449657,3.36593785960875,1395,296400,33,274
"42101014100",2982,26.2575452716298,50.6706908115359,7.47820254862508,14.3192488262911,43.6619718309859,12.185534591195,21081,77.3876404494382,70.6896551724138,39.2921960072595,22.0227670753065,834,332500,37,44
"42101014201",3295,80.6069802731411,5.70561456752656,9.1350531107739,5.43247344461305,2.30722525804493,1.29198966408269,126809,56.1194029850746,21.8085106382979,1.59574468085106,2.30741924032659,2033,477100,72,66
"42101014202",2273,78.0906291245051,6.11526616805983,9.37087549494061,5.71931368235812,1.71579410470743,1.19165839126117,127774,55.8274307791372,31.8339100346021,5.30565167243368,0.442477876106195,1982,583300,30,164
"42101014300",1979,83.7796867104598,7.42799393633148,4.59828196058615,6.46791308741789,8.08489135927236,1.9935691318328,118239,37.8773125608569,31.1053984575836,14.1388174807198,1.96408529741863,1883,460000,86,70
"42101014400",5346,61.6535727646839,4.73251028806584,24.5978301533857,11.3916947250281,11.4665170220726,3.0043910330483,131027,43.842704380821,29.3469708890637,16.522423288749,11.8466898954704,1932,445700,43,228
"42101014500",2218,9.107303877367,69.522091974752,15.3742110009017,3.56176735798016,20.8854667949952,7.45140388768898,33550,69.4811800610376,54.3191800878477,27.086383601757,20.2761627906977,867,243200,43,63
"42101014600",4745,37.3445732349842,40.5479452054795,4.02528977871444,14.7945205479452,32.2195704057279,11.3074204946996,39583,59.4776119402985,55.4579673776663,43.7892095357591,15.1094890510949,1066,239600,59,140
"42101014700",3311,39.4744790093627,38.6288130474177,9.3929326487466,8.51706433101782,75.3238341968912,7.26775956284153,18041,75.3694581280788,79.0849673202614,62.0915032679739,20.5623901581722,1231,537900,48,249
"42101014800",898,4.67706013363029,66.9265033407572,1.33630289532294,19.5991091314031,35.3006681514477,2.55220417633411,NA,67.7165354330709,43.4883720930233,17.906976744186,20.7100591715976,562,290000,47,125
"42101014900",4318,4.6780917091246,78.7169986104678,10.097267253358,0.856878184344604,44.0481704492821,10.269758637009,29458,47.6151315789474,70.3799654576857,49.740932642487,18.326969802152,925,270600,86,346
"42101015101",2161,6.61730680240629,89.2642295233688,7.45025451180009,1.9435446552522,29.8664122137405,23.7154150197628,45963,40.0552486187845,56.551724137931,36.7816091954023,17.5470008952551,1155,174200,82,289
"42101015102",4930,1.07505070993915,93.5902636916836,2.55578093306288,0.649087221095335,37.6174908050674,18.5308848080134,23924,54.752688172043,42.7336999214454,30.2435192458759,24.223602484472,746,118500,86,488
"42101015200",5975,5.10460251046025,82.8117154811715,6.4602510460251,5.8744769874477,29.8744769874477,25.854108956602,54416,54.9249359209081,53.2666666666667,9.6,17.3480976717774,1140,142900,72,448
"42101015300",5051,42.9815878043952,41.5759255592952,6.75113838843793,9.42387646010691,46.4016933207902,16.7476635514019,28037,56.8568568568569,61.7077464788732,33.4507042253521,29.7297297297297,1110,221900,62,508
"42101015600",1664,34.2548076923077,26.0817307692308,54.8677884615385,0.480769230769231,47.8890229191797,13.2098765432099,43750,49.4071146245059,58.9333333333333,40.8,15.5031731640979,1029,281700,81,151
"42101015700",2493,62.8961091054954,2.7276373846771,32.2101885278781,5.17448856799037,21.2231672742001,3.82608695652174,82500,32.5431034482759,45.4746136865342,26.4900662251656,10.9054527263632,1619,298800,80,152
"42101015800",6849,81.5885530734414,3.09534238574974,15.3453058840707,3.09534238574974,7.27113447218572,3.53034510115034,123431,42.8012048192771,37.579169598874,16.6783954961295,4.55215628455584,1879,369200,86,69
"42101016001",2585,88.9748549323017,10.2514506769826,1.77949709864603,0,12.8046421663443,1.2888107791447,93890,24.4672454617206,32.9032258064516,2.58064516129032,1.85381355932203,1583,324200,86,64
"42101016002",4404,86.0354223433243,3.3605812897366,10.6267029972752,2.54314259763851,14.6924829157175,4.87426265135051,89100,31.7217981340119,21.2566844919786,4.01069518716578,8.81069285324605,1463,300300,86,168
"42101016100",6125,65.730612244898,5.15918367346939,20.4408163265306,11.6897959183673,12.6367346938776,1.42627099148838,102794,46.4148527528809,42.2758620689655,14.2758620689655,11.5376634156464,1565,347800,75,356
"42101016200",2324,15.3614457831325,12.0051635111876,72.8915662650602,8.34767641996558,20.6540447504303,15.6445556946183,34677,46.9339622641509,52.7638190954774,20.6030150753769,38.9601620526671,901,NA,86,136
"42101016300",2615,17.0172084130019,9.52198852772467,83.7093690248566,0.11472275334608,26.2870514820593,6.73162090345438,38660,43.4977578475336,55.4639175257732,18.7628865979381,49.5418848167539,850,151800,78,262
"42101016400",4019,7.21572530480219,29.1366011445633,67.0315999004728,3.3590445384424,48.8181139586962,10.6122448979592,20915,61.9387755102041,46.1285008237232,33.7726523887974,43.712090578245,716,110000,86,262
"42101016500",2850,5.47368421052632,87.7543859649123,11.3333333333333,1.54385964912281,45.3684210526316,5.48302872062663,26172,54.2205323193916,52.4544179523142,27.2089761570827,18.6304128902316,600,81300,74,286
"42101016600",2244,11.3636363636364,71.078431372549,3.34224598930481,14.795008912656,35.2175863615971,24.4534412955466,57432,57.9661016949153,33.1384015594542,21.8323586744639,22.5758697261288,1092,83400,81,171
"42101016701",3501,3.97029420165667,93.573264781491,0.856898029134533,0,29.4487289345901,19.8808637379002,38973,35.8609794628752,45.6681350954479,45.6681350954479,16.0806375996249,1157,72500,86,409
"42101016702",2575,7.02912621359223,91.5339805825243,0.699029126213592,0.349514563106796,25.8682634730539,16.8771526980482,31618,42.185128983308,58.4532374100719,28.4172661870504,19.6304849884527,1137,NA,86,315
"42101016800",3963,16.2250820085794,79.2833711834469,4.41584658087308,0.428967953570527,52.3135271807838,26.6828380836871,15267,35.0698174006445,66.4624808575804,55.895865237366,17.049617049617,928,57400,86,345
"42101016901",3356,2.97973778307509,90.8224076281287,3.96305125148987,1.19189511323004,28.8736591179976,21.6216216216216,27479,35.8086847073631,51.6695957820738,21.0896309314587,21.3562307353589,938,61700,86,386
"42101016902",3925,0,92.3821656050956,1.07006369426752,0,44.6624203821656,14.3557422969188,22880,45.9812321501428,53.5048802129547,44.0993788819876,17.4244833068362,1122,69400,83,433
"42101017000",3008,20.1130319148936,69.780585106383,3.29122340425532,3.8563829787234,21.902332361516,6.5646908859146,51989,66.8949771689498,31.3139931740614,20.9044368600683,8.06776926179911,1418,184200,55,271
"42101017100",3234,2.04081632653061,90.2597402597403,9.21459492888064,0.773036487322202,36.4254792826221,26.2706270627063,27112,34.2602308499475,54.5176110260337,47.4732006125574,11.5906288532676,1305,70900,86,324
"42101017201",2863,0.523925951798812,92.7348934683898,3.66748166259169,0.943066713237862,37.864768683274,17.170626349892,25865,29.2360712234348,66.0117878192534,40.2750491159136,36.5409622886866,1283,53700,82,237
"42101017202",4415,0.339750849377123,98.6862967157418,0,0.928652321630804,15.6058890147225,11.965811965812,47102,29.0628115653041,58.4905660377358,36.3636363636364,18.0710659898477,1192,64300,86,323
"42101017300",2070,7.92270531400966,74.2028985507246,18.695652173913,0.0483091787439614,46.9719350073855,0.141643059490085,21210,66.2704309063893,59.7533632286996,37.3318385650224,16.1038961038961,943,56300,69,182
"42101017400",2456,3.05374592833876,84.9755700325733,8.14332247557003,0.529315960912052,36.4769422517657,23.8418079096045,32948,43.4142114384749,56.0878243512974,28.5429141716567,22.1165279429251,963,83800,86,119
"42101017500",6716,22.6176295413937,26.4889815366289,70.7266229898749,0,47.150954653938,14.4289450741064,30149,42.0250592617677,59.6293311845286,39.5648670427075,35.0159163256025,878,48500,86,394
"42101017601",5031,26.4957264957265,9.93838203140529,85.7086066388392,0,44.5408678102926,11.9521912350598,27088,44.7761194029851,60.625,30.9375,46.5664502903997,1041,74200,86,358
"42101017602",4074,5.13009327442317,19.4894452626411,72.4840451644575,7.46195385370643,53.5732009925558,9.34256055363322,33750,56.2589928057554,62.0204603580563,43.8618925831202,45.617095508068,1066,68500,86,150
"42101017701",3175,15.0866141732283,21.3858267716535,74.0472440944882,0.566929133858268,41.8267716535433,0.711743772241993,36694,60.5803255484784,64.3691588785047,51.8691588785047,43.9408866995074,1090,56100,86,224
"42101017702",4726,17.5835801946678,12.1667371984765,78.9885738468049,2.45450698264917,61.6790648246546,1.8037518037518,28750,38.2304751501912,64.7142857142857,29.2857142857143,40.1503759398496,1041,46700,86,258
"42101017800",6592,22.1328883495146,32.6001213592233,41.0194174757282,0,40.5656074197963,2.82744282744283,32009,45.1877563900284,49.0921787709497,30.8659217877095,24.2320036680422,1147,76500,86,376
"42101017900",6675,32.8089887640449,19.4007490636704,44.9588014981273,1.22846441947566,39.6782438731018,5.31154239019408,46950,43.598615916955,47.0634920634921,24.2857142857143,17.6346604215457,1231,106800,86,209
"42101018001",2251,87.4278098622834,1.11061750333185,14.7934251443803,0,5.23958799820869,11.3312202852615,59531,30.4273504273504,41.0112359550562,26.123595505618,6.97961704756022,1164,213700,86,62
"42101018002",5381,76.2683516075079,1.41237688162052,5.87251440252741,2.52741126184724,8.84708511827156,3.68380660015349,68380,22.2395630120952,29.2982456140351,9.12280701754386,8.87389724961079,1300,168900,86,256
"42101018300",3998,96.1980990495248,0.100050025012506,0.80040020010005,0.87543771885943,12.8521126760563,6.99001426533524,81053,7.79369627507163,30.8823529411765,27.2058823529412,11.5133724722766,1139,209000,86,141
"42101018400",2202,92.960944595822,0.0454132606721163,2.36148955495005,0.817438692098093,17.2541743970315,6.28930817610063,57633,11.7709437963945,56.7567567567568,44.1441441441441,3.13351498637602,1410,212000,86,46
"42101018801",3794,21.6657880864523,5.19240906694781,76.2519768054823,0,78.1837437119407,1.7989417989418,20010,46.3002114164905,100,63.4703196347032,38.6363636363636,1188,78100,86,312
"42101018802",4262,21.1872360394181,33.247301736274,78.4608165180666,0,53.2440056417489,2.18487394957983,45570,47.8347768154564,73.9554317548747,29.2479108635098,19.5331695331695,1377,76000,86,416
"42101019000",7729,24.3239746409626,10.6352697632294,73.42476387631,1.73373010738776,32.0869452710571,9.22774869109948,45814,34.3385605146763,73.6533957845433,40.7494145199063,35.9891964888589,1119,123600,83,131
"42101019100",8628,16.5971256374594,14.6963375057951,68.7297171998146,8.39128419100603,25.1622624014835,8.43553694286569,65048,13.8761061946903,24.4897959183673,24.4897959183673,23.8399398835243,1272,144600,77,75
"42101019200",8914,11.5772941440431,22.4141799416648,69.1945254655598,5.31747812429886,45.2541404911479,1.88133140376266,23239,49.3449781659389,66.5078284547311,58.5432266848196,36.046783625731,1012,94200,86,318
"42101019501",4615,19.783315276273,3.59696641386782,88.5373781148429,0,43.7255753365176,28.8079470198675,23031,58.6190009794319,64.578111946533,61.9883040935673,36.0227653163709,1020,96400,86,165
"42101019502",3901,19.4821840553704,3.89643681107408,92.0276852089208,0.794668033837478,62.059054089365,2.2379269729093,28205,33.4932054356515,79.9522673031026,47.9713603818616,44.9976947902259,922,75000,86,101
"42101019700",6746,14.512303587311,15.727838719241,79.9140231248147,3.69107619329973,56.2259116513489,21.0928961748634,27979,42.9127052722558,71.0976837865055,60.5236656596173,38.8439306358381,1171,65700,86,100
"42101019800",6456,11.3847583643123,24.5508054522924,67.5495662949194,5.14250309789343,22.2583643122677,7.77546777546778,37574,32.0384294068505,54.8891786179922,34.2894393741851,31.3903743315508,1002,78900,86,216
"42101019900",5166,5.57491289198606,51.7615176151762,53.9101819589624,0,48.1610530391018,8.05687203791469,25810,67.1835917958979,50.409530900968,40.282948622487,38.5822196397443,986,76300,86,176
"42101020000",1146,5.84642233856894,54.2757417102967,20.5061082024433,14.2233856893543,45.0761421319797,4.43349753694581,17531,49.9241274658574,65.6534954407295,50.4559270516717,30.0826446280992,904,153800,86,185
"42101020101",3196,1.68961201501877,91.8335419274093,5.28785982478098,3.28535669586984,32.5559407500788,14.4153225806452,26256,53.6764705882353,69.4601128122482,35.4552780016116,14.6504813729594,865,NA,84,578
"42101020102",3543,2.87891617273497,94.044594976009,8.60852384984476,0.95963872424499,35.8171041490262,12.2876557191393,39288,33.8895281933257,52.9711375212224,14.2614601018676,16.1277906081601,1162,117100,86,145
"42101020200",4252,5.95014111006585,80.7855126999059,3.92756349952963,0,19.4937307783298,17.8874734607219,34576,36.1584327086882,67.020023557126,17.1967020023557,16.3817663817664,929,90300,86,395
"42101020300",2564,3.43213728549142,87.4414976599064,6.2402496099844,1.5990639625585,22.3285486443381,13.6871508379888,41020,35.5282199710564,53.7678207739308,40.9368635437882,19.4315245478036,828,81600,86,189
"42101020400",3981,1.20572720422005,89.7010801306205,5.70208490329063,0,45.5276121337827,33.8001273074475,43306,26.1805555555556,74.8010610079576,45.6233421750663,10.1586102719033,1416,99200,86,196
"42101020500",3143,3.37257397391028,86.3506204263443,2.67260579064588,3.14985682468979,22.3072020395156,5.90062111801242,NA,58.6012408347434,21.7516843118383,10.4908565928778,29.8872910998834,1082,87100,55,90
"42101020600",2009,55.6495769039323,28.1234444997511,11.100049776008,5.37580886012942,13.2530120481928,7.46500777604977,62143,65.9709618874773,48.9683631361761,27.6478679504814,3.40080971659919,1391,594700,72,118
"42101020701",4309,77.6746344859596,7.79763286145277,3.20259921095382,2.85449060106753,11.1447184737087,10.5281207133059,118915,42.5848442584844,15.7205240174673,6.98689956331878,0.72362927915391,1496,325500,83,92
"42101020702",2095,72.0286396181384,12.6014319809069,7.20763723150358,4.82100238663485,7.53835890593729,3.8878842676311,158750,37.5866851595007,42.8044280442804,11.8081180811808,1.32275132275132,1102,359500,54,37
"42101020800",2528,47.0727848101266,32.120253164557,8.46518987341772,9.49367088607595,14.7456836210919,11.5055884286654,70560,57.0427023581899,36.3128491620112,15.9776536312849,4.48332422088573,1728,157400,69,116
"42101020900",3366,76.678550207962,12.6559714795009,8.64527629233512,4.7534165181224,7.6213158678178,4.75633528265107,104435,53.5599743425273,29.5808383233533,15.4491017964072,1.62122328666175,1490,353500,81,62
"42101021000",5214,86.7088607594937,6.38665132336018,6.75105485232067,3.31799002685079,12.7107149777175,2.48783126014062,87660,47.7140783744557,29.0494296577947,13.0038022813688,7.0217339383807,1653,280100,86,154
"42101021100",2581,70.6315381635025,8.33010461061604,10.9259976753196,4.68810538550949,6.30841121495327,1.32259919493962,86845,29.9093655589124,15.6565656565657,9.34343434343434,1.44230769230769,1475,281100,65,25
"42101021200",2967,82.103134479272,9.23491742500843,7.14526457701382,1.0448264239973,8.24531516183986,4.68594217347956,101020,30.7214895267649,37.1212121212121,28.2828282828283,6.13844144536352,1493,276900,71,26
"42101021300",3243,81.1285846438483,11.8100524205982,3.66944187480728,2.22016651248844,10.4841196423065,6.24259186092454,94675,41.2918108419839,41.4804469273743,18.854748603352,4.56460674157303,1185,278200,86,117
"42101021400",3520,87.3863636363636,6.78977272727273,4.00568181818182,0.568181818181818,7.8733294596165,4.82394366197183,84861,52.9991047448523,35.2195945945946,13.5135135135135,3.22690217391304,1687,291400,81,290
"42101021500",3995,71.4893617021277,17.622027534418,6.00750938673342,3.75469336670839,4.85607008760951,3.22066326530612,109102,38.3620689655172,18.7265917602996,6.86641697877653,7.72699939867709,1470,319400,61,29
"42101021600",2256,69.1932624113475,5.0531914893617,9.88475177304965,4.29964539007092,6.37539010254124,1.66346769033909,95200,64.9177760375881,34.1375150784077,5.06634499396864,4.6713742531233,1669,351400,33,77
"42101021700",5781,83.7571354436949,9.15066597474485,4.9645390070922,0.397855042380211,9.51968094329808,5.50847457627119,86989,18.6206896551724,18.5185185185185,3.89863547758285,5.01850138760407,1399,311100,59,148
"42101021800",4997,60.3161897138283,27.4364618771263,9.7458475085051,1.92115269161497,14.8489093456074,7.59326510399472,74242,70.3443169196594,42.0526315789474,13.6315789473684,7.47816593886463,1570,317900,57,159
"42101021900",1480,84.8648648648649,7.02702702702703,3.58108108108108,1.28378378378378,5.67567567567568,5.58858501783591,71250,10.9550561797753,29.4871794871795,0,2.85204991087344,1615,274200,60,33
"42101022000",1477,75.1523358158429,8.86932972241029,7.65064319566689,7.85375761679079,1.75953079178886,2.6431718061674,97321,37.2119815668203,41.7956656346749,26.3157894736842,3.79075056861259,1859,382100,44,127
"42101023100",1573,90.1462174189447,0.890019071837254,4.38652256834075,2.7972027972028,3.75079465988557,1.98598130841121,170625,24.957264957265,37.6712328767123,20.5479452054795,1.02420856610801,3094,704700,86,16
"42101023500",1288,60.5590062111801,30.0465838509317,2.48447204968944,0.46583850931677,3.1832298136646,0.938337801608579,118750,34.0255591054313,33.8028169014084,13.6150234741784,6.5173116089613,1416,497800,83,30
"42101023600",2513,50.4178272980501,38.7982491046558,1.55192996418623,0,7.14900947459087,1.25588697017268,101458,30.2547770700637,67.8947368421053,20.2631578947368,3.55987055016181,1327,579100,86,142
"42101023700",4874,35.1661879359869,61.4895363151416,5.04718916700862,1.16947066064834,6.41927916400085,5.83704904742602,80891,51.875,27.5602409638554,16.1144578313253,2.77553220156292,1169,348400,86,154
"42101023800",5396,25.0370644922165,59.822090437361,9.89621942179392,0.871015567086731,18.9694224235561,11.6566265060241,59534,53.0063291139241,65.2238805970149,39.6268656716418,6.13603473227207,1101,283700,86,333
"42101023900",1988,30.0804828973843,54.9798792756539,2.71629778672032,4.42655935613682,10.0603621730382,6.94310511089682,NA,81.1162079510703,48.2563619227144,30.8199811498586,9.85054347826087,1354,217900,59,117
"42101024000",4009,31.778498378648,53.6293339985034,4.39012222499376,5.26315789473684,18.9033550325488,12.8408091468777,61450,60.9389243391067,37.0979805534779,24.5325355272999,5.36889504676134,1092,312100,81,124
"42101024100",1401,16.4882226980728,71.8058529621699,2.7123483226267,0,38.9306599832916,5.81395348837209,16042,80.0884955752212,66.8508287292818,40.1473296500921,17.9784589892295,742,312500,86,5
"42101024200",4595,17.8237214363438,74.689880304679,3.15560391730141,1.37105549510337,22.0674646354733,11.7888029130633,33172,56.8991470145509,44.3562610229277,30.5996472663139,10.7393244104525,764,214400,83,208
"42101024300",4204,10.6327307326356,83.2302568981922,2.90199809705043,2.14081826831589,23.3349191246432,8.67600542250339,48617,48.6952240275726,56.5217391304348,36.2992922143579,8.93081761006289,1101,172500,86,146
"42101024400",3210,8.94080996884735,86.3551401869159,0,0,27.0346117867166,1.82926829268293,56912,30.5059523809524,64.6341463414634,36.8292682926829,9.18866080156403,1028,186100,86,258
"42101024500",4904,4.36378466557912,93.1280587275693,1.38662316476346,0.876835236541599,48.692070030896,13.7443438914027,19589,55.3975776724592,58.5551330798479,43.0608365019011,19.4466720128308,828,93000,76,178
"42101024600",2552,13.7147335423197,81.974921630094,2.1551724137931,0,33.4913112164297,21.6393442622951,34091,56.7746686303387,23.7354085603113,11.8028534370947,18.0424528301887,655,194400,86,210
"42101024700",4291,6.01258447914239,91.9133069214635,1.91097646236309,0.233045910044279,23.3057851239669,12.8,40714,41.1977284460506,70.1754385964912,29.1979949874687,7.45929572131768,1167,123300,86,263
"42101024800",2250,1.91111111111111,93.5111111111111,0,0,34.6067415730337,7.50750750750751,43347,21.8535469107551,85.3403141361257,41.8848167539267,7.88022064617809,NA,120400,86,113
"42101024900",2614,2.3335883703137,93.4200459066565,0,0,34.1622035195103,18.0952380952381,28855,26.6219239373602,63.5854341736695,45.3781512605042,22.9030339083879,1266,121800,80,254
"42101025200",8034,8.96191187453323,87.2168284789644,5.81279561862086,0.373412994772218,29.391979301423,23.1619679380873,27675,55.9628154050465,64.1670621737067,31.3241575700047,14.5590379008746,809,147600,86,247
"42101025300",4771,11.6118214210857,83.8608258226787,2.5780758750786,1.25759798784322,16.0853942084126,9.29133858267716,52207,36.6838487972509,47.8922716627635,19.7892271662763,4.23183072677093,1236,184000,84,203
"42101025400",3784,12.737843551797,81.4746300211416,5.54968287526427,1.08350951374207,11.2242164478971,7.05035971223022,70234,33.3014354066986,48.9942528735632,39.2241379310345,3.49344978165939,1053,279200,77,201
"42101025500",2808,39.3518518518519,49.0740740740741,0.605413105413105,2.56410256410256,6.65954415954416,7.66550522648084,71389,26.6613290632506,41.4414414414414,14.7147147147147,4.8170449282075,1347,362800,86,63
"42101025600",2814,58.5287846481876,27.8606965174129,11.7981520966596,2.98507462686567,1.74110522331567,2.82555282555283,99944,28.1024819855885,35.042735042735,27.6353276353276,1.2494215640907,1603,400600,86,79
"42101025700",3737,51.8062617072518,38.1857104629382,2.27455177950227,4.4955846936045,7.94755151190795,6.10619469026549,62516,67.149977344812,55.6005398110661,29.2172739541161,2.4190800681431,1735,447300,62,113
"42101025800",1845,4.44444444444444,79.1869918699187,1.6260162601626,0.0542005420054201,15.8807588075881,11.2574850299401,48100,14.0522875816993,56.5891472868217,17.0542635658915,18.9168573607933,1443,290500,66,62
"42101025900",4311,2.87636279285549,93.3426119229877,2.15727209464161,1.46137787056367,12.9414553211662,10.0550275137569,54229,16.523400191022,79.1907514450867,41.3294797687861,9.1219678852067,1320,205100,69,109
"42101026000",3058,1.47155003270111,95.1275343361674,0.981033355134075,0,14.3884892086331,10.0265604249668,62651,25.4004576659039,62.4624624624625,35.1351351351351,10.1055194805195,1380,189900,69,0
"42101026100",2886,4.53915453915454,93.4857934857935,0,0,4.67980295566502,13.9420111042566,54132,29.4357579877634,56.35103926097,24.4803695150115,3.75360923965351,1135,262700,66,126
"42101026200",4013,1.89384500373785,94.6922501868926,4.31098928482432,0.573137303762771,18.0164465487167,11.3352545629203,71943,13.365029054411,53.7549407114625,49.802371541502,4.6618516086671,1352,207500,69,156
"42101026301",4007,2.24606937858747,91.3651110556526,4.34240079860245,0,15.3980534065386,15.6378600823045,57992,8.01169590643275,44.5255474452555,24.0875912408759,5.38294797687861,1273,203900,72,135
"42101026302",4550,3.20879120879121,96.7692307692308,1.36263736263736,0,9.40659340659341,0,70182,25.8462946020128,17.1681415929204,3.36283185840708,8.23629650667424,963,194900,78,218
"42101026400",5674,1.1984490659147,98.41381741276,0,0.387733521325344,9.51873557094655,23.759608665269,60107,27.6524644945698,30.8157099697885,12.0845921450151,8.02413947250782,1341,190600,79,125
"42101026500",5370,2.51396648044693,94.87895716946,0.577281191806331,0,26.9543343653251,16.5693758419398,46181,25.8714596949891,72,46.1052631578947,18.2006920415225,1300,159300,74,107
"42101026600",7060,0.764872521246459,93.8385269121813,0.0141643059490085,0,21.8901915927938,9.69679633867277,39788,24.741913282863,43.3936022253129,10.9874826147427,13.3447757991847,1235,157200,86,213
"42101026700",7518,0.0399042298483639,94.9188613993083,0.691673317371641,0,19.2072359670125,11.4390021296015,45667,22.119341563786,51.937984496124,27.5968992248062,12.3464501353321,1123,147900,77,274
"42101026800",4308,9.37790157845868,75.9052924791086,7.07985143918292,2.76230269266481,27.2388059701493,10.7796964939822,45768,58.8520971302428,38.7846961740435,22.2805701425356,7.25111441307578,1088,204300,71,274
"42101026900",2431,21.9251336898396,72.110242698478,3.99012751953928,2.50925545043192,14.1969407265774,5.88235294117647,83857,38.4049079754601,49.5207667731629,8.94568690095847,6.14754098360656,1005,296300,86,53
"42101027000",2688,13.6904761904762,75.5208333333333,3.16220238095238,5.80357142857143,7.6219512195122,8.61450107681264,91882,33.75,42.4501424501425,29.6296296296296,8.63609291244789,1085,313700,76,46
"42101027100",2609,6.8608662322729,74.7412801839785,4.98275201226524,9.31391337677271,10.1935993678388,13.0094043887147,58296,26.7409470752089,32.2916666666667,14.5833333333333,10.5637379380396,1086,157400,69,40
"42101027200",4782,4.34964450020912,75.9933082392304,20.1171058134672,2.17482225010456,20.3262233375157,10.9230769230769,61146,27.9397930385701,72.5589225589226,47.979797979798,5.34904805077063,1367,171300,67,219
"42101027300",5601,11.569362613819,49.3661846098911,11.2301374754508,23.103017318336,25.8703802892341,7.93151642208246,40618,38.9786119598429,62.8219484882419,19.484882418813,23.4402187422322,1316,123200,77,0
"42101027401",3223,3.47502327024511,50.0465404902265,25.4421346571517,23.3633260937015,24.9146757679181,10.5121293800539,46952,59.0150913423352,26.9179004037685,12.3822341857335,42.850049652433,984,143600,86,107
"42101027402",7055,11.9489723600283,65.3437278525868,19.5038979447201,6.52019844082211,33.0545712260808,11.4113159567705,61430,12.8814902893381,47.3846153846154,47.3846153846154,24.5037807183365,1051,123600,77,52
"42101027500",4667,8.74223269766445,68.0737090207842,28.3694021855582,6.66380972787658,19.8493003229279,6.86746987951807,54261,22.2284122562674,56.6416040100251,28.3208020050125,11.5047021943574,1075,124900,83,128
"42101027600",4066,1.64781111657649,80.7673389080177,12.6168224299065,3.61534677816035,27.4717166748647,12.9190880643719,44802,46.7920887602508,57.8350515463918,25.1546391752577,7.16066975418596,992,143600,82,179
"42101027700",5197,2.42447565903406,91.7452376370983,0.442563017125265,1.86646142005003,32.153165287666,12.3265953230281,33944,32.2510822510823,61.8568232662192,32.7740492170022,18.3549124143184,836,121700,78,341
"42101027800",5082,2.71546635182999,95.5529319165683,1.08225108225108,0.0590318772136954,21.4876033057851,16.4526484751204,37820,58.5529254131309,43.4019832189169,28.5278413424867,5.64300564300564,889,142000,82,174
"42101027901",3256,1.28992628992629,95.3009828009828,2.27272727272727,0,28.4398034398034,7.61654629021668,37813,37.8361858190709,55.735056542811,21.3247172859451,13.5948905109489,1123,117800,83,206
"42101027902",4912,29.2548859934853,58.9983713355049,9.97557003257329,3.68485342019544,23.8938053097345,7.2007200720072,43205,58.974358974359,62.5,28.3967391304348,9.23881464264962,988,104300,76,70
"42101028000",4212,1.09211775878443,96.3912630579297,3.67996201329535,0,28.4309021113244,14.2002989536622,34143,32.8403875573687,74.3788819875776,41.1490683229814,18.9035243859025,768,93100,83,229
"42101028100",3976,8.40040241448692,83.6770623742455,7.52012072434608,0,28.0432595573441,15.9652333028362,48750,24.3410852713178,64.755838641189,46.9214437367304,12.2295081967213,976,124500,86,112
"42101028200",4893,4.31228285305539,89.7608828939301,4.41446965052115,3.45391375434294,47.497897392767,29.1583166332665,20674,49.9782703172534,69.4782608695652,43.9130434782609,27.4326846174353,983,112200,75,31
"42101028300",6545,9.76317799847212,78.7471352177235,13.7356760886173,3.10160427807487,47.459746756292,5.9142434696895,33307,43.7201365187713,72.5995316159251,52.5370804059329,15.8300132802125,940,105600,86,391
"42101028400",3633,9.35865675750069,74.7041012936967,9.551334984861,13.2947976878613,48.0678343063664,15.5226209048362,24872,43.256464011181,47.8190630048465,40.8723747980614,29.5242329924411,896,89500,81,107
"42101028500",2625,1.79047619047619,31.2761904761905,39.3904761904762,18.6666666666667,56.1572402727637,12.7884615384615,70417,38.7015177065767,48.80174291939,34.640522875817,40.427993059572,931,131500,86,74
"42101028600",6980,3.9541547277937,56.1461318051576,34.6418338108883,4.7134670487106,24.0401146131805,12.8949615713066,58350,39.2192630426852,48.9302325581395,37.3023255813954,25.704989154013,1257,119800,86,139
"42101028700",2775,18.8468468468468,17.4774774774775,77.5495495495495,3.24324324324324,54.3053545586107,5.91341077085533,32609,44.2774566473988,75.1958224543081,68.1462140992167,29.1050583657588,1247,95600,86,99
"42101028800",4662,17.2672672672673,22.0935220935221,63.4706134706135,9.82410982410982,33.3118833118833,18.3713039263209,40137,29.619101762365,66.4107485604606,62.1880998080614,40.8598510494245,1109,150900,86,71
"42101028901",4015,25.3051058530511,10.5853051058531,78.3312577833126,8.29389788293898,32.079701120797,12.7732240437158,31434,26.585179526356,75.2873563218391,22.4137931034483,18.6903729401561,1071,111700,82,63
"42101028902",6431,21.2875136059711,36.0908101383922,48.6394028922407,11.1802208054735,36.6010006253909,11.015785861359,38759,26.9000460617227,42.1232876712329,26.1986301369863,21.5277777777778,1095,97300,80,124
"42101029000",8182,12.6130530432657,24.101686629186,47.7756049865559,24.0405768760694,22.6134969325153,9.18491484184915,39878,32.602862254025,52.2633744855967,43.6213991769547,35.103491532511,1146,116500,80,129
"42101029100",4316,10.1251158480074,38.1835032437442,34.3373493975904,20.7367933271548,34.4300278035218,7.58725341426404,32746,65.9420289855072,65.0042265426881,11.665257819104,37.1154482302349,706,142100,71,52
"42101029200",4417,23.7717908082409,30.4731718360878,40.5026035770885,6.20330541091238,8.73896309712475,7.57002271006813,82784,12.0435618193466,26.5957446808511,26.5957446808511,14.7658205219878,867,151100,79,166
"42101029300",3563,27.1961829918608,39.9101880437833,36.0931799045748,0,36.4251480124049,10.1108033240997,63048,37.1222076215506,53.8053097345133,43.1858407079646,22.4822398662766,994,72300,86,129
"42101029400",3841,22.2337932829992,43.7386097370476,43.452225982817,1.97865139286644,56.0791460557147,7.1806500377929,22649,51.1595221363317,75,51.7857142857143,28.0339162692104,847,81500,86,80
"42101029800",5299,26.9673523306284,46.4049820720891,37.5542555199094,4.17059822608039,36.384527001149,17.5599128540305,37188,37.3662168450442,72.8518057285181,40.5977584059776,22.622027534418,1070,111400,75,202
"42101029900",4475,9.85474860335196,53.3854748603352,41.6536312849162,2.27932960893855,40.5949452024156,18.7875477880939,33852,46.8695143358689,63.6704119850187,50.3121098626717,14.661806399352,1191,103700,82,244
"42101030000",8294,23.8123945020497,57.6923076923077,28.4784181335905,0.253195080781288,38.0033759344104,10.1590392729633,33205,38.1446751507033,71.3784021071115,38.8059701492537,17.6222435282838,1091,126200,86,257
"42101030100",6010,17.7038269550749,39.9334442595674,36.9717138103161,6.2396006655574,44.1597337770383,19.096160380564,23897,48.6298867373036,62.359128474831,44.778362133734,7.74035244256079,834,173000,86,220
"42101030200",8013,23.2871583676526,45.9877698739548,34.9182578310246,2.00923499313615,17.7421375767448,12.2699386503067,51000,36.1364403917595,56.1682242990654,25.3271028037383,14.7029204431017,1088,139500,77,183
"42101030501",4946,7.92559644156894,52.4059846340477,37.0400323493732,4.28629195309341,33.683784876668,15.4879140555058,43673,36.132711249352,54.6628407460545,41.1764705882353,17.0524166099387,1196,144000,77,167
"42101030502",7267,16.5955690105958,39.8651438007431,18.3569561029311,10.7609742672354,16.8845465804321,8.22331195775179,62270,18.3091545772886,86.8852459016393,68.3060109289617,10.8894430590191,1404,159900,73,164
"42101030600",7192,37.6251390433815,34.8720800889878,23.6512791991101,6.54894327030033,11.4816917399943,5.92783505154639,58231,38.6916502301118,52.8462192013594,40.4418011894647,18.7085446742099,1197,179800,72,112
"42101030700",4387,28.1513562799179,45.5208570777297,22.6578527467518,2.53020287212218,17.9393663095509,6.38977635782748,56641,64.948954788527,40.7934131736527,22.6047904191617,10.8039402605656,1198,210700,58,96
"42101030800",5338,36.1933308355189,22.0494567253653,26.2832521543649,17.965530161109,9.60813865862849,4.60218408736349,59732,21.3554363725012,23.0593607305936,5.02283105022831,13.2420091324201,1357,215500,69,111
"42101030900",4459,25.0953128504149,46.9836286162817,16.2143978470509,7.6250280331913,16.9993272034088,5.37735849056604,53088,42.473454091193,47.9411764705882,26.7647058823529,11.6763005780347,1247,170400,68,109
"42101031000",7860,40.8015267175573,22.4045801526718,21.3613231552163,21.5394402035623,27.0933402570427,5.89128454296994,53914,33.178360101437,50.4458598726115,26.7515923566879,19.106529209622,1656,253400,68,229
"42101031101",4551,29.7077565370248,29.1364535266974,28.9167215996484,14.0188969457262,24.1265655899802,10.1430976430976,48663,49.7931747673216,29.595015576324,26.5835929387331,17.8983050847458,1136,144100,76,164
"42101031102",4748,16.1331086773378,48.3572030328559,48.8205560235889,4.02274641954507,15.6190476190476,7.3293172690763,50927,44.3989071038251,73.0769230769231,32.6153846153846,21.7825739408473,1300,149200,68,129
"42101031200",5125,15.2390243902439,68.3707317073171,30.6341463414634,5.40487804878049,13.5609756097561,21.0065645514223,56662,52.4815205913411,31.6901408450704,13.8832997987928,18.203125,1216,140800,70,84
"42101031300",7227,32.1295143212951,25.9028642590286,24.1317282413173,19.5101701951017,19.4409851944099,9.01479207368127,66521,56.8145161290323,51.8807665010646,34.7764371894961,19.5048439181916,1361,177200,68,173
"42101031401",7461,39.6327570030827,10.2399142206139,33.0116606353036,17.5311620426216,27.0450524023411,5.42797494780793,55864,52.6600541027953,44.6061643835616,20.1198630136986,30.8739255014327,1513,187900,71,154
"42101031402",6039,24.6067229673787,12.5517469779765,29.7069051167412,29.4254015565491,27.2817955112219,10.604415490409,53633,44.5400753093061,59.7826086956522,34.4202898550725,42.4620390455531,1473,172800,68,62
"42101031501",7479,45.0594999331461,1.95213263805322,24.9498596068993,28.8006417970317,19.4527228393389,10.3077307980986,57310,39.3579072532699,49.7482376636455,38.9728096676737,16.6393778141629,1561,236700,70,203
"42101031502",3700,43.3513513513514,6.16216216216216,17.4324324324324,31.4864864864865,12.6729986431479,12.4860022396417,44593,43.6537050623624,70.2521008403361,43.5294117647059,29.1615035109459,1643,229200,71,39
"42101031600",6236,41.4849262347659,15.2982681205901,21.5041693393201,25.7697241821681,21.7911412867766,3.85665529010239,53167,29.5628661559261,34.4512195121951,12.8048780487805,25.0113895216401,1624,194300,72,73
"42101031700",6109,35.3085611393027,10.8692093632346,39.4008839417253,9.67425110492716,23.2737411841889,15.4937906564163,36758,28.0501710376283,57.0460704607046,46.2059620596206,24.3683589138135,1352,171200,69,221
"42101031800",4086,27.4596182085169,40.4307391091532,26.2359275575135,8.73715124816446,21.3166911404797,5.2491103202847,58607,33.8509316770186,24.3119266055046,12.8440366972477,14.3333333333333,1086,137700,71,85
"42101031900",5354,34.7217033993276,38.1397086290624,26.4661935001868,3.10048561822936,31.935604642456,12.1774193548387,47843,35.5555555555556,66.0511363636364,28.125,18.2828906732551,1180,137800,75,125
"42101032000",7873,59.7104026419408,7.214530674457,37.8889876794106,1.11774418900038,21.7706084084847,11.6151866151866,58213,35.6589147286822,49.3788819875776,24.8447204968944,21.7945945945946,1271,163800,68,143
"42101032100",3801,42.9623783214943,21.731123388582,34.1225993159695,0.65772165219679,23.3885819521179,5.79990333494442,48088,53.3222591362126,56.0747663551402,22.7414330218069,10.6077765194413,1278,177800,73,104
"42101032300",3302,37.2501514233798,30.0121138703816,33.6159903089037,2.9678982434888,34.8576620230164,19.0751445086705,34667,44.2015786278081,80.6318681318681,46.978021978022,24.8164464023495,859,111800,67,97
"42101032500",6195,44.7296206618241,17.3527037933818,17.6271186440678,13.7207425343019,23.3844647519582,18.732782369146,50876,40.9882687522218,54.8135299219428,41.8039895923677,21.2447356106692,960,180800,83,255
"42101032600",7012,64.3325727324586,10.1540216771249,11.2521391899601,12.3787792355961,10.5961209355391,10.8197556008147,70711,20.3548711081353,45.2302631578947,26.3157894736842,10.4070499370541,1165,172300,76,186
"42101032900",3656,48.1947483588621,16.5207877461707,30.5798687089716,8.64332603938731,14.5787746170678,17.2143974960876,46914,40.4738878143134,48.5065710872163,8.96057347670251,11.864406779661,1083,184800,70,174
"42101033000",10323,44.1053957182989,22.8712583551293,31.9577642158287,5.35696987309891,30.3915722520374,17.2069825436409,68227,39.5327390101445,33.1259720062208,16.4852255054432,14.2381202875679,1581,178900,69,49
"42101033101",5402,50.8885597926694,25.7126990003702,17.4935209181785,7.34912995186968,23.6579044798223,4.8870636550308,70882,25.5788906838988,72.8421052631579,22.9473684210526,14.3259305598999,1217,218400,74,143
"42101033102",3891,70.1619121048574,9.86892829606785,14.2636854279106,1.41351837573888,13.0995358432182,8.00191662673694,83145,43.5409457900807,32.317880794702,15.8940397350993,6.87361419068736,1078,208700,68,164
"42101033200",3077,45.4013649658758,3.96490087747806,13.227169320767,38.2190445238869,17.7835894083034,6.69944683466503,80409,21.4801444043321,75.2100840336134,26.4705882352941,22.6724553786782,1429,299400,68,33
"42101033300",3730,65.603217158177,10.6434316353887,9.35656836461126,13.5388739946381,13.8722868826675,2.76119402985075,49178,38.0465644520159,38.5074626865672,8.80597014925373,10.6208635360857,921,272300,59,154
"42101033400",5457,47.2054242257651,20.1392706615356,13.1574124977094,20.0293201392707,22.3778945320101,7.62183950164896,54267,43.2732316227462,53.8461538461538,29.7008547008547,14.9856658848058,1158,239600,63,100
"42101033500",4077,36.4483688987,24.7976453274467,11.6752514103507,16.7525141035075,20.8910891089109,12.3799898938858,56151,47.680412371134,57.2972972972973,36.3513513513514,21.0981572019556,988,224600,62,40
"42101033600",6285,65.2187748607796,8.06682577565632,13.4287987271281,19.9681782020684,32.0922832140016,9.0017825311943,46797,46.5614035087719,58.4777694046722,35.6443104747551,12.5,1072,244000,68,241
"42101033701",6779,49.1960466145449,22.2009145891724,11.9929193096327,13.8368490927865,21.5142984145799,8.68783702816057,51319,61.7715617715618,37.1069182389937,17.9245283018868,10.8040770101925,1124,241500,65,93
"42101033702",4489,55.624860770773,15.1704165738472,7.3958565382045,15.5936734239251,7.59068517689207,3.08699719363891,78689,31.2401883830455,31.9932998324958,7.03517587939699,5.26315789473684,1201,233900,65,126
"42101033800",6526,71.1308611707018,13.2546736132394,16.3653079987741,4.7808764940239,8.17144619179772,4.99058380414313,67160,42.9327286470144,40.580985915493,20.1584507042254,11.8111873570389,1057,237300,64,110
"42101033900",3066,48.3692106979778,35.5512067840835,16.6992824527071,1.36986301369863,17.2537508153946,0,55636,43.7459910198845,57.4780058651026,30.9384164222874,15.8495954307473,938,266000,70,119
"42101034000",3185,68.2888540031397,12.6530612244898,16.138147566719,10.8634222919937,0.922391857506361,2.48166948674563,99181,12.4289195775792,41.8300653594771,16.3398692810458,8.75420875420875,1127,293500,64,8
"42101034100",5828,73.5072065888813,2.9512697323267,13.5552505147563,12.0967741935484,10.9128345916266,5.72277963582311,69623,46.1230433199854,40.6471981057616,25.1775848460931,10.9938030755107,1103,259000,67,62
"42101034200",3621,67.2742336371168,22.4247445457056,5.93758630212648,5.1919359293013,12.2332859174964,5.12333965844402,62686,56.0462670872765,47.9362101313321,28.7992495309568,3.85416666666667,1369,307100,51,182
"42101034400",8014,74.2076366358872,6.08934364861492,8.47267282256052,13.6511105565261,4.78216035060583,2.85242809995285,106059,6.88767299645961,100,26.1682242990654,7.27272727272727,1299,340100,60,84
"42101034501",4955,53.6024217961655,14.2078708375378,9.4853683148335,19.4954591321897,18.2441977800202,11.3636363636364,44094,84.7717842323651,52.6676456191875,30.8859520313265,7.78263244128891,1156,321000,46,28
"42101034502",5299,51.0851103981883,20.683147763729,6.22759011134176,23.3440271749387,14.2802523418084,8.42490842490843,55439,56.1382113821138,49.1672700941347,21.7958001448226,9.70550576184379,1150,230400,47,100
"42101034600",2679,49.2347891004106,29.451287793953,22.8070175438596,3.39678984695782,7.2415080253826,11.1413043478261,54737,70.6847360912981,52.4722502522704,24.117053481332,13.0147432638536,1269,NA,51,74
"42101034701",7628,53.60513896172,14.4336654431044,16.0068169900367,18.0781331934976,9.98951232302045,4.27528675703858,75765,26.6546112115732,59.1587516960651,21.8453188602442,9.65428466347922,1300,246700,65,0
"42101034702",3475,74.5035971223022,12.6330935251799,6.67625899280576,5.26618705035971,6.71902268760907,3.75771172181716,100129,9.11660777385159,100,36.4341085271318,7.56395995550612,1177,268100,65,30
"42101034801",4719,86.9887688069506,4.06865861411316,8.20089001907184,4.21699512608603,11.0545300233397,4.27145708582834,65673,44.8243114909782,27.1186440677966,8.89830508474576,9.4097995545657,606,204000,73,9
"42101034802",5716,63.5759272218335,23.3904828551435,11.1616515045486,0,7.50524842547236,2.14674783723166,70417,41.1857707509881,66.1228406909789,40.595009596929,9.88253319713994,1193,275900,66,137
"42101034803",3941,84.4709464602893,2.46130423750317,5.83608221263639,2.58817558995179,12.7632580563309,6.76280457483839,84336,18.6073059360731,44.7852760736196,38.6503067484663,6.66666666666667,1352,256000,64,101
"42101034900",5398,48.4253427195258,28.8625416821045,23.9162652834383,4.68692108188218,16.8395702111893,8.69565217391304,59563,37.7041942604857,47.423887587822,25.4098360655738,9.76923076923077,1048,171800,63,30
"42101035100",3852,76.68743509865,11.3966770508827,5.4257528556594,4.56905503634476,15.6736446591519,5.54335894621295,70000,24.3500866551127,58.8967971530249,39.3238434163701,6.85910260074307,1567,222300,48,186
"42101035200",4578,87.1996505024028,5.24246395806029,5.35168195718654,6.13805155089559,5.98446779351302,5.79937304075235,77500,12.5874125874126,45.4861111111111,29.5138888888889,3.28317373461012,1251,279700,53,88
"42101035301",5111,84.0931324594013,1.42829191938955,12.0720015652514,2.23048327137546,3.77993271323966,6.48021828103684,87083,31.9004524886878,36.3120567375887,14.3262411347518,11.1468381564845,1469,257600,56,95
"42101035302",4691,68.2583670859092,10.1897250053294,7.1413344702622,7.46109571519932,7.0347473886165,8.44625112917796,74000,30.773249738767,63.6672325976231,23.7691001697793,8.875,1247,275600,58,140
"42101035500",7591,67.1057831642735,6.11250164668687,5.34843894085101,23.1721775787116,14.739652870494,3.03924461493066,65553,24.8341232227488,54.4529262086514,44.4020356234097,9.7196261682243,1130,295300,59,137
"42101035601",5287,66.7675430300738,4.36920749006998,12.7104217892945,16.682428598449,7.45802420929324,2.78253424657534,59257,28.996282527881,83.048433048433,47.008547008547,6.57431321906551,1301,288800,54,113
"42101035602",3579,59.8211791003074,7.37636211232188,8.88516345347863,28.6392847164012,3.14825414997138,2.58064516129032,105024,13.9516757599376,64.804469273743,16.7597765363128,8.59710824540836,1382,332400,59,0
"42101035701",4771,49.7589603856634,6.26702997275204,6.8748690002096,33.0748270802767,11.5908614546217,6.94275274056029,59013,64.8886587260487,47.9648842777334,21.9473264166002,13.8042203985932,1163,262100,54,52
"42101035702",4781,75.4862999372516,0.941225685003137,0.899393432336331,13.1562434637105,20.5814683120686,13.0077787381158,63115,58.4044154540893,47.680412371134,29.0378006872852,9.4461624964858,1279,276000,56,139
"42101035800",6152,66.1410923276983,3.96618985695709,3.98244473342003,20.3185955786736,13.9043563707828,8.21005917159763,58979,30.8501683501683,79.2633015006821,32.4693042291951,7.64471939902784,1207,308700,56,15
"42101035900",4952,65.5290791599354,1.75686591276252,7.37075928917609,24.6970920840065,17.548465266559,4.64876033057851,47593,34.4158582876423,61.1519607843137,44.6078431372549,10.2287667630818,846,287100,59,151
"42101036000",3437,52.8076811172534,18.2426534768694,3.37503636892639,23.4506837358161,18.5672034176799,7.24441435341909,60598,40.4779686333084,67.3431734317343,36.7158671586716,14.7391462969719,986,297900,54,61
"42101036100",4160,55.7451923076923,38.4855769230769,5.9375,2.62019230769231,4.78365384615385,3.88978930307942,81354,47.0956719817768,27.5695284159613,2.41837968561064,10.0176366843034,1489,263100,57,93
"42101036201",5299,85.336856010568,2.62313644083789,7.24665031137951,1.83053406303076,12.7193810152859,3.55871886120996,88472,26.9849001461276,32.8519855595668,16.6064981949458,16.2106878036308,1341,239200,58,110
"42101036202",5856,83.4016393442623,4.11543715846994,8.64071038251366,8.02595628415301,5.49957301451751,9.90519777705132,90043,23.9706481858948,40.3061224489796,16.156462585034,3.66906474820144,1367,261100,59,22
"42101036203",4788,88.9515455304929,0.584795321637427,5.59732664995823,7.12197159565581,5.17277486910995,3.18757662443809,80833,9.82236154649948,59.5744680851064,38.2978723404255,4.84898863951233,1016,266000,59,54
"42101036301",4073,65.3572305425976,4.0019641541861,11.3429904247483,22.6614289221704,16.2315270935961,13.4206958879349,92578,23.5558408215661,39.2370572207085,3.54223433242507,11.0009910802775,1288,255700,56,91
"42101036302",4111,70.2505473120895,19.9708100218925,15.3247385064461,0.243249817562637,10.1034992607196,1.80351210251542,76910,35.0668647845468,56.5677966101695,2.54237288135593,14.0510948905109,1415,223100,60,0
"42101036303",6840,84.4883040935673,7.41228070175439,5.78947368421053,1.49122807017544,4.63849212192608,3.07482993197279,108414,7.23370429252782,47.8021978021978,0,6.70205706702057,1500,268500,60,205
"42101036400",1004,81.0756972111554,15.1394422310757,4.68127490039841,0.896414342629482,27.5581395348837,0,102143,5.93471810089021,100,0,20.871327254306,NA,421500,10,23
"42101036501",4831,65.079693645208,15.2970399503208,2.64955495756572,17.5740012419789,13.735199138859,2.25431489961254,77910,43.6663693131133,57.2012257405516,31.8692543411645,8.86141164348274,1308,315000,51,18
"42101036502",4284,87.5116713352007,0.606909430438842,7.49299719887955,2.3109243697479,4.92530345471522,0.970088924818108,93879,23.9021678710395,11.1627906976744,6.74418604651163,6.78893178893179,956,318300,49,51
"42101036600",2240,76.1607142857143,5.40178571428571,12.3660714285714,13.4821428571429,3.00853165693758,1.61812297734628,156061,45,16.1189358372457,9.70266040688576,1.81723779854621,2340,505900,31,234
"42101036700",3611,76.7654389365827,6.50789255054002,4.95707560232623,8.61257269454445,10.1356964829687,2.83566791937137,172610,45.7485654668753,20.0684150513113,5.47320410490308,2.38252812706817,2239,621400,27,162
"42101036901",25,0,100,0,0,NA,NA,NA,NA,NA,NA,0,NA,NA,NA,0
"42101036902",6267,54.3960427636828,13.9141535024733,5.69650550502633,23.1051539811712,43.8663745892662,11.8154376886589,29464,90.8831908831909,62.0689655172414,48.380355276907,1.69312169312169,2630,NA,16,96
"42101037200",3918,52.6288922919857,4.87493619193466,6.2021439509954,26.4931087289433,18.6064318529862,7.1097372488408,66431,22.8836701256144,62.7684964200477,24.3436754176611,22.8227194492255,1485,282000,86,142
"42101037300",6427,80.7997510502567,14.9992220320523,10.6270421658628,3.82760230278513,5.72010656636891,5.03842869342442,113974,43.5058430717863,21.4121258633922,15.1189562547966,4.17568152315015,1750,440300,51,62
"42101037500",3700,43.2972972972973,41.4054054054054,3.94594594594595,9.27027027027027,16.8563518917256,12.2711528946066,76439,39.3939393939394,54.0064102564103,24.3589743589744,2.87937743190661,1917,251900,71,187
"42101037600",3304,52.9055690072639,17.6755447941889,8.53510895883777,21.8220338983051,21.0787352758834,5.86666666666667,101268,66.3838812301166,33.3865814696486,19.8083067092652,7.07036535859269,1920,384500,62,136
"42101037700",5349,39.652271452608,38.5866517106001,15.1056272200411,5.6459151243223,51.3026607538803,15.6465715600552,22244,73.5277930654926,56.8862275449102,34.5059880239521,9.48733058338244,987,204200,30,245
"42101037800",2215,87.0428893905192,2.21218961625282,3.34085778781038,5.14672686230248,12.0993227990971,5.835734870317,60000,46.7596390484003,49.8245614035088,14.0350877192982,9.08136482939632,1408,277400,86,33
"42101037900",5105,91.4985308521058,0.156709108716944,6.5230166503428,2.19392752203722,20.3525954946131,5.88968526020567,69198,25.3582802547771,36.1067503924647,7.69230769230769,14.1603704606386,1351,218200,86,132
"42101038000",2545,63.3005893909627,8.52652259332024,35.3634577603143,1.49312377210216,15.8349705304519,10.7276119402985,59167,25.9955752212389,63.4042553191489,13.1914893617021,20.0892857142857,1219,149000,84,118
"42101038100",780,55,15.7692307692308,22.5641025641026,1.15384615384615,26.9230769230769,18.7032418952618,36776,52.8455284552846,67.1794871794872,55.8974358974359,15.0684931506849,1617,99200,86,40
"42101038200",2819,61.3338063142958,5.92408655551614,33.6998935792834,0,31.1812699538844,9.07390084190832,40837,24.8930099857347,58.4527220630373,38.6819484240688,21.5637450199203,1108,92900,86,168
"42101038301",2356,7.85229202037351,46.0950764006791,47.0713073005093,0,44.7901234567901,13.4903640256959,NA,45.3051643192488,50.5181347150259,45.5958549222798,26.0527793374509,1144,73300,86,149
"42101038400",2529,75.4843811783314,11.427441676552,3.40055357848952,4.94266508501384,1.89798339264531,4.21205519244735,107037,18.3301343570058,43.455497382199,19.3717277486911,2.84552845528455,1534,341800,55,18
"42101038500",1843,88.9310906131308,2.38741182854042,0.705371676614216,5.3174172544764,4.76724621424565,3.23886639676113,114265,39.7578203834511,49.492385786802,35.2791878172589,0.521512385919166,1824,746900,86,73
"42101038600",1395,72.3297491039426,17.5627240143369,3.79928315412186,3.87096774193548,1.294033069734,3.81991814461119,164167,20.7920792079208,42.0634920634921,18.2539682539683,0.587659157688541,1798,784600,75,24
"42101038700",2559,76.2797967956233,13.4818288393904,1.71942164908167,5.74443141852286,8.16326530612245,3.41349883630721,125625,21.3077790304397,61.9047619047619,4.23280423280423,3.744880046811,1808,656100,86,58
"42101038800",3956,61.9817997977755,22.8513650151668,4.72699696663296,2.42669362992922,5.11042629686697,4.96323529411765,107891,33.8176352705411,18.0740740740741,6.07407407407407,1.26538987688099,1317,376700,86,211
"42101038900",3429,7.43657042869641,81.7147856517935,2.94546515018956,0,19.8351971748087,16.6556071665561,58514,35.9375,52.7950310559006,28.9855072463768,13.8703339882122,886,249200,76,24
"42101039001",4047,7.58586607363479,54.0400296515938,36.9903632320237,0,42.4272818455366,16.6122004357299,39629,57.0459683496609,67.5033025099075,28.665785997358,10.3463992707384,982,142700,71,58
"42101039002",4685,35.923159018143,31.9957310565635,60.5763073639274,2.83884738527215,33.5112059765208,12.3920552677029,61141,8.89502762430939,83.8509316770186,33.5403726708075,16.0536266758336,1042,188000,73,89
"42101039100",3248,0.461822660098522,97.7216748768473,2.52463054187192,0,54.2487684729064,13.2938187976291,30573,85.6326530612245,44.0419447092469,19.5424213536702,17.9039301310044,486,112000,75,63
"42101980001",0,NA,NA,NA,NA,NA,NA,NA,NA,NA,NA,NA,NA,NA,NA,0
"42101980002",0,NA,NA,NA,NA,NA,NA,NA,NA,NA,NA,NA,NA,NA,NA,0
"42101980003",0,NA,NA,NA,NA,NA,NA,NA,NA,NA,NA,NA,NA,NA,NA,0
"42101980100",307,93.8110749185668,1.62866449511401,0,0,0,0,103727,14.6666666666667,0,0,0,NA,601900,86,0
"42101980200",405,64.1975308641975,27.1604938271605,13.0864197530864,0.493827160493827,37.8787878787879,20,NA,0,NA,NA,11.3756613756614,NA,NA,NA,0
"42101980300",0,NA,NA,NA,NA,NA,NA,NA,NA,NA,NA,NA,NA,NA,NA,0
"42101980400",0,NA,NA,NA,NA,NA,NA,NA,NA,NA,NA,NA,NA,NA,NA,0
"42101980500",0,NA,NA,NA,NA,NA,NA,NA,NA,NA,NA,NA,NA,NA,NA,0
"42101980600",0,NA,NA,NA,NA,NA,NA,NA,NA,NA,NA,NA,NA,NA,NA,0
"42101980701",0,NA,NA,NA,NA,NA,NA,NA,NA,NA,NA,NA,NA,NA,NA,0
"42101980702",0,NA,NA,NA,NA,NA,NA,NA,NA,NA,NA,NA,NA,NA,NA,0
"42101980800",0,NA,NA,NA,NA,NA,NA,NA,NA,NA,NA,NA,NA,NA,NA,0
"42101980901",0,NA,NA,NA,NA,NA,NA,NA,NA,NA,NA,NA,NA,NA,NA,0
"42101980902",0,NA,NA,NA,NA,NA,NA,NA,NA,NA,NA,NA,NA,NA,NA,0
"42101980903",0,NA,NA,NA,NA,NA,NA,NA,NA,NA,NA,NA,NA,NA,NA,0
"42101980904",0,NA,NA,NA,NA,NA,NA,NA,NA,NA,NA,NA,NA,NA,NA,0
"42101980905",0,NA,NA,NA,NA,NA,NA,NA,NA,NA,NA,NA,NA,NA,NA,0
"42101980906",0,NA,NA,NA,NA,NA,NA,NA,NA,NA,NA,NA,NA,NA,NA,0
"42101989100",1265,11.9367588932806,70.4347826086957,18.3399209486166,1.50197628458498,15.7894736842105,0,NA,NA,NA,NA,30.9684684684685,NA,NA,NA,0
"42101989200",0,NA,NA,NA,NA,NA,NA,NA,NA,NA,NA,NA,NA,NA,NA,0
"42101989300",127,36.2204724409449,59.8425196850394,3.93700787401575,1.5748031496063,NA,NA,NA,NA,NA,NA,6.54205607476635,NA,NA,NA,0
